method,period,age_sq,age,ln_exp,constant,r2_polynomial,n_obs,n_households,r2,age_sq_se,age_se,ln_exp_se,r2_within,time_effects,r2_between,age_sq_mean,age_mean,ln_exp_mean,age_sq_mean_se,age_mean_se,ln_exp_mean_se
Blanchett-style,2001-2009,0.00014290133946907686,-0.02175580906883857,-0.0735288058434294,1.5913897635501837,0.1944804204374907,8664,3168,,,,,,,,,,,,,
Pooled OLS,2001-2009,0.00011009235138229701,-0.019996093814331675,-0.1761624895794944,2.7109637211054465,,8664,3168,0.16397734239525819,4.132558201326282e-05,0.0060303757353805405,0.005003498484037995,,,,,,,,,
Fixed Effects,2001-2009,1.4828600993186713e-05,-0.02231039579263681,-0.5913092323667193,,,8664,3168,,9.152346489097603e-05,0.01305929057823904,0.008130174199144805,0.5908014278584657,False,,,,,,,
Random Effects,2001-2009,0.00014681970685552273,-0.026874790836415047,-0.24723594083936348,,,8664,3168,,4.501729577358344e-05,0.006580945066990284,0.00589833832118512,0.3891510869535181,,-0.27605048163619395,,,,,,
Fixed Effects (time),2001-2009,-1.7672244380245011e-07,,-0.5918255220577928,,,8664,3168,,0.00011389328391558901,,0.009995486175292239,0.5277672191297063,True,,,,,,,
Blanchett-style,2005-2021,0.00015375052151865841,-0.022504625950005984,-0.060952510369289496,1.4515465215585763,0.38783732808102955,15886,4369,,,,,,,,,,,,,
Pooled OLS,2005-2021,5.221346211420651e-05,-0.009518796137908826,-0.14283221400810894,1.90466043607588,,15886,4369,0.12935520933995293,2.5678376444769217e-05,0.003750510551920243,0.0034646436773005146,,,,,,,,,
Fixed Effects,2005-2021,-1.9704279257889233e-05,-0.006392591819198555,-0.5123655673766246,,,15886,4369,,4.527048356151818e-05,0.006608485642944757,0.005984556114417828,0.4666561359352558,False,,,,,,,
Random Effects,2005-2021,4.365871309322961e-05,-0.008954735605422271,-0.1994516871109634,,,15886,4369,,2.748203009332983e-05,0.004015481931548421,0.003979346024146567,0.2928345007424664,,-0.20885709042374723,,,,,,
Fixed Effects (time),2005-2021,-1.559621940456439e-05,,-0.5157200616498022,,,15886,4369,,5.336713161850253e-05,,0.007005666280730047,0.3793379242868933,True,,,,,,,
Blanchett-style,2011-2021,0.00014900721190769586,-0.021897448405267635,-0.061616000277502206,1.4469448262347746,0.26380770437193,9373,3377,,,,,,,,,,,,,
Pooled OLS,2011-2021,1.659890146069817e-05,-0.003944360629127485,-0.13971302544425537,1.6625030100481073,,9373,3377,0.12038083770089414,3.4864737013402555e-05,0.005075365127751138,0.004278214397526371,,,,,,,,,
Fixed Effects,2011-2021,-8.113944526130245e-05,0.002977122398466926,-0.5741557689168234,,,9373,3377,,7.226389507289453e-05,0.010495995630266422,0.00781522411660533,0.5126251778316222,False,,,,,,,
Random Effects,2011-2021,4.654170637878693e-06,-0.002734310404415718,-0.19307575997609575,,,9373,3377,,3.7879505629769704e-05,0.0055173913923772635,0.005046830417894668,0.28671233086030123,,-0.1608658066696973,,,,,,
Fixed Effects (time),2011-2021,-9.239882407639411e-05,,-0.5755136915664063,,,9373,3377,,9.027589712638921e-05,,0.009745867677422639,0.47286770545168755,True,,,,,,,
Blanchett-style,2001-2021,0.0001507549366642028,-0.022421765835499208,-0.060203486115849636,1.459159577499204,0.3482737071179246,20189,4900,,,,,,,,,,,,,
Pooled OLS,2001-2021,5.919475389303e-05,-0.01112276360283737,-0.1527052534808488,2.0910255430083997,,20189,4900,0.1363732558734384,2.4199709363720423e-05,0.003525477351599807,0.003379559612777115,,,,,,,,,
Fixed Effects,2001-2021,1.0905167918632671e-05,-0.012971066149093026,-0.4995473169872922,,,20189,4900,,3.8570487212272566e-05,0.005606155178708738,0.005437195294941511,0.46379450544412437,False,,,,,,,
Random Effects,2001-2021,5.9719650483088524e-05,-0.01244451241561427,-0.2256945095986186,,,20189,4900,,2.56673211537289e-05,0.0037417638938798212,0.0038838682710384594,0.32370742079405346,,-0.3054541335355614,,,,,,
Fixed Effects (time),2001-2021,1.0615237476214045e-05,,-0.5036038992207346,,,20189,4900,,4.400266965452343e-05,,0.006166989400059274,0.3126989098243578,True,,,,,,,
Correlated RE (Mundlak),2001-2021,1.0905167918636949e-05,-0.012971066149093645,-0.49954731698729177,,,20189,4900,,3.857430929120752e-05,0.005606710711425728,0.005437734084550891,0.46379450544412437,,0.041482644372458966,8.111813976681855e-05,-0.001127307107402258,0.46503039142383656,5.3182171623803216e-05,0.007766850126554206,0.006309205070835124
