Model,Period,Age_sq,Age_sq_SE,Age_sq_t,Age,Age_SE,ln_Spending,ln_Spending_SE,Slope_age75,Slope_age75_SE,N_obs,N_hh
"Pooled OLS, age terms only",2001-2021,0.0001165100,0.0000229435,5.078,-0.017401,0.003338,,,0.000075,0.000199,20189,4900
"Pooled OLS, age + lagged ln(S)",2001-2021,0.0000591948,0.0000241978,2.446,-0.011123,0.003525,-0.152705,0.003379,-0.002244,0.000229,20189,4900
"FE, age terms only",2001-2021,0.0001411870,0.0000333141,4.238,-0.021268,0.004845,,,-0.000090,0.000388,20189,4900
"FE, age + lagged ln(S)",2001-2021,0.0000109052,0.0000385705,0.283,-0.012971,0.005606,-0.499547,0.005437,-0.011335,0.000490,20189,4900
"FE, age terms only + wave effects",2001-2021,0.0001334945,0.0000381709,3.497,-0.012391,0.006183,,,0.007633,0.002657,20189,4900
"FE, age + current ln(S)",2001-2021,0.0001353874,0.0000358683,3.775,-0.008492,0.005207,0.538235,0.005973,0.011816,0.000479,20189,4900
"FE, age terms only",2001-2009,0.0004600479,0.0001027898,4.476,-0.074183,0.014785,,,-0.005175,0.001509,8664,3168
"FE, age terms only",2005-2021,0.0000880760,0.0000407351,2.162,-0.011531,0.005944,,,0.001680,0.000492,15886,4369
"FE, age terms only",2011-2021,0.0000774335,0.0000749297,1.033,-0.011538,0.010929,,,0.000077,0.001022,9373,3377
"FE, age terms only + wave effects",2005-2021,0.0000779992,0.0000477206,1.634,-0.002786,0.007685,,,0.008914,0.003099,15886,4369
"FE, age + lagged ln(C) [CCTOT]",2001-2019,-0.0000368092,0.0000295949,-1.244,-0.005410,0.004266,-0.437287,0.007260,-0.010931,0.000388,18624,4649
