age,blanchett_quadratic,blanchett_spline,fe_quadratic,fe_spline
60,0.0,0.0,0.0,0.0
61,-0.0033033709016357937,-0.0041047694760638145,-0.011651540830938556,-0.008342428255228462
62,-0.00637372180214224,-0.008022529206540431,-0.023281271326039632,-0.016820249564500678
63,-0.009211052701519007,-0.011566269445842648,-0.03488919148530356,-0.0255688569818604
64,-0.011815363599766426,-0.014548980448383268,-0.04647530130873023,-0.034723643561348716
65,-0.014186654496884277,-0.01678365246857509,-0.05803960079631976,-0.044420002357007604
66,-0.01632492539287267,-0.018083275760830915,-0.06958208994807191,-0.054793326422887034
67,-0.018230176287731603,-0.018368042501223723,-0.0811027687639867,-0.0659325237059738
68,-0.019902407181460968,-0.01798695255246721,-0.09260163724406434,-0.07774056172506327
69,-0.021341618074060875,-0.017396207698935243,-0.10407869538830472,-0.09007392289189564
70,-0.022547808965531324,-0.017052009725001694,-0.11553394319670773,-0.10278908961821642
71,-0.023520979855872204,-0.017410560415040438,-0.1269673806692736,-0.11574254431576492
72,-0.024261130745083737,-0.018787940441039378,-0.1383790078060021,-0.12879688255721877
73,-0.02476826163316559,-0.020939746025442553,-0.14976882460689345,-0.14183915255899304
74,-0.025042372520118095,-0.02348145227830803,-0.16113683107194743,-0.1547625156984367
75,-0.02508346340594103,-0.026028534309693888,-0.17248302720116426,-0.16746013335289867
76,-0.02489153429063451,-0.02819646722965819,-0.18380741299454373,-0.17982516689972794
77,-0.02446658517419842,-0.029600726148259017,-0.19510998845208594,-0.19175077771627436
78,-0.02380861605663287,-0.029942136599643003,-0.206390753573791,-0.20315804956797479
79,-0.022917626937937863,-0.029262925814311072,-0.21764970835965858,-0.21407975577262306
80,-0.021793617818113398,-0.027690671446852715,-0.2288868528096889,-0.22457659203610003
81,-0.020436588697159364,-0.025352951151857414,-0.2401021869238822,-0.23470925406428744
82,-0.01884653957507587,-0.022377342583914668,-0.251295710702238,-0.24453843756306792
83,-0.01702347045186292,-0.018891423397613964,-0.2624674241447569,-0.25412483823832144
84,-0.014967381327520402,-0.015022771247544786,-0.27361732725143817,-0.26352915179592973
85,-0.012678272202048424,-0.010898963788296634,-0.2847454200222823,-0.27281207394177454
86,-0.010156143075446988,-0.00664757867445899,-0.2958517024572891,-0.2820343003817385
87,-0.007400993947715984,-0.0023749306181897606,-0.3069361745564585,-0.29124641087072245
88,-0.004412824818855521,0.0018977174380794617,-0.317998836319791,-0.3004585213597055
89,-0.0011916356888656,0.006170365494348684,-0.32903968774728587,-0.3096706318486895
90,0.002262573442253779,0.010443013550617913,-0.34005872883894384,-0.31888274233767255
